"region_code","Implementation Date"
"C01001",NA
"C01003",NA
"C01005","May, 2019"
"C01007","Sep, 2019"
"C01009",NA
"C01011","May, 2019"
"C01013","Dec, 2018"
"C01015",NA
"C01017","Oct, 2019"
"C01019",NA
"C01021",NA
"C01023","Aug, 2018"
"C01025","May, 2019"
"C01027","Oct, 2019"
"C01029",NA
"C01031",NA
"C01033","Oct, 2019"
"C01035","Jul, 2019"
"C01037","Feb, 2019"
"C01039","Aug, 2019"
"C01041","May, 2019"
"C01043",NA
"C01045",NA
"C01047","Jun, 2019"
"C01049",NA
"C01051",NA
"C01053","Nov, 2018"
"C01055","Jul, 2019"
"C01057","Feb, 2019"
"C01059","Nov, 2019"
"C01061",NA
"C01063","Oct, 2017"
"C01065","May, 2019"
"C01067",NA
"C01069",NA
"C01071","May, 2019"
"C01073",NA
"C01075","Nov, 2019"
"C01077",NA
"C01079","Sep, 2019"
"C01081",NA
"C01083",NA
"C01085","May, 2018"
"C01087","Jul, 2019"
"C01089",NA
"C01091","Jul, 2018"
"C01093","Aug, 2018"
"C01095",NA
"C01097",NA
"C01099","Jun, 2018"
"C01101",NA
"C01103",NA
"C01105","Oct, 2017"
"C01107","Sep, 2018"
"C01109",NA
"C01111","Mar, 2019"
"C01113",NA
"C01115",NA
"C01117",NA
"C01119","Mar, 2018"
"C01121","Aug, 2018"
"C01123",NA
"C01125",NA
"C01127","Sep, 2018"
"C01129","Mar, 2019"
"C01131","Sep, 2017"
"C01133","Oct, 2018"
"C02013",NA
"C02016",NA
"C02020",NA
"C02050","Aug, 2019"
"C02060","Nov, 2018"
"C02068","Jul, 2018"
"C02070","Aug, 2018"
"C02090",NA
"C02100","Dec, 2018"
"C02110",NA
"C02122","Sep, 2018"
"C02130","Sep, 2019"
"C02150","Mar, 2019"
"C02164","Jun, 2018"
"C02170","Feb, 2018"
"C02180","Feb, 2018"
"C02185",NA
"C02188","Jul, 2018"
"C02220",NA
"C02240","Apr, 2019"
"C02261","Jan, 2018"
"C02270","Apr, 2018"
"C02290","Sep, 2018"
"C04001","Mar, 2018"
"C04003","Jun, 2019"
"C04005","Nov, 2019"
"C04007","Jun, 2019"
"C04009","May, 2019"
"C04011","Oct, 2019"
"C04012","Sep, 2018"
"C04013",NA
"C04015","Nov, 2019"
"C04017","Dec, 2017"
"C04019",NA
"C04021",NA
"C04023","Mar, 2019"
"C04025",NA
"C04027","Sep, 2019"
"C05001",NA
"C05003","Aug, 2019"
"C05005",NA
"C05007",NA
"C05009",NA
"C05011","Jul, 2019"
"C05013","Nov, 2019"
"C05015",NA
"C05017","Jun, 2018"
"C05019",NA
"C05021","Nov, 2019"
"C05023",NA
"C05025",NA
"C05027","Apr, 2019"
"C05029",NA
"C05031",NA
"C05033",NA
"C05035",NA
"C05037",NA
"C05039","Dec, 2018"
"C05041","Jul, 2019"
"C05043","Sep, 2019"
"C05045",NA
"C05047",NA
"C05049",NA
"C05051",NA
"C05053",NA
"C05055",NA
"C05057",NA
"C05059",NA
"C05061",NA
"C05063",NA
"C05065","Nov, 2019"
"C05067","Oct, 2018"
"C05069","Jun, 2018"
"C05071",NA
"C05073","Oct, 2019"
"C05075","Feb, 2019"
"C05077","Jul, 2019"
"C05079","Aug, 2019"
"C05081",NA
"C05083",NA
"C05085",NA
"C05087",NA
"C05089",NA
"C05091",NA
"C05093","Nov, 2018"
"C05095","Feb, 2019"
"C05097",NA
"C05099",NA
"C05101",NA
"C05103","Mar, 2019"
"C05105",NA
"C05107","Nov, 2018"
"C05109",NA
"C05111","Nov, 2019"
"C05113",NA
"C05115",NA
"C05117",NA
"C05119",NA
"C05121","Jun, 2019"
"C05123","Feb, 2019"
"C05125",NA
"C05127",NA
"C05129",NA
"C05131",NA
"C05133",NA
"C05135","Aug, 2019"
"C05137",NA
"C05139","Jun, 2019"
"C05141","Jun, 2019"
"C05143",NA
"C05145",NA
"C05147","May, 2019"
"C05149",NA
"C06001",NA
"C06003","Jan, 2018"
"C06005","Sep, 2019"
"C06007","Aug, 2018"
"C06009","Nov, 2018"
"C06011","Jan, 2019"
"C06013",NA
"C06015","Dec, 2018"
"C06017",NA
"C06019","Sep, 2019"
"C06021","Aug, 2017"
"C06023","Oct, 2019"
"C06025","Aug, 2019"
"C06027","May, 2019"
"C06029","May, 2018"
"C06031","Mar, 2018"
"C06033","May, 2018"
"C06035","Jun, 2018"
"C06037","Mar, 2019"
"C06039","Oct, 2017"
"C06041",NA
"C06043","Nov, 2018"
"C06045","Aug, 2018"
"C06047","Aug, 2017"
"C06049","Jan, 2018"
"C06051","Nov, 2019"
"C06053","Dec, 2018"
"C06055",NA
"C06057",NA
"C06059",NA
"C06061",NA
"C06063","May, 2019"
"C06065","Oct, 2019"
"C06067",NA
"C06069","Apr, 2019"
"C06071","Aug, 2019"
"C06073",NA
"C06075",NA
"C06077","Mar, 2018"
"C06079",NA
"C06081",NA
"C06083",NA
"C06085",NA
"C06087","Nov, 2019"
"C06089","Sep, 2019"
"C06091","May, 2018"
"C06093","Oct, 2017"
"C06095",NA
"C06097",NA
"C06099","Sep, 2019"
"C06101","Oct, 2018"
"C06103","Feb, 2018"
"C06105","Oct, 2019"
"C06107","Jul, 2018"
"C06109","Sep, 2018"
"C06111",NA
"C06113","Oct, 2019"
"C06115","Sep, 2018"
"C08001",NA
"C08003",NA
"C08005",NA
"C08007",NA
"C08009",NA
"C08011",NA
"C08013",NA
"C08015",NA
"C08017",NA
"C08019",NA
"C08021","Nov, 2018"
"C08023","Mar, 2019"
"C08025",NA
"C08027",NA
"C08029",NA
"C08031",NA
"C08033","Apr, 2019"
"C08035",NA
"C08037",NA
"C08039",NA
"C08041",NA
"C08043",NA
"C08045",NA
"C08047",NA
"C08049",NA
"C08051",NA
"C08053",NA
"C08055","Jan, 2019"
"C08057",NA
"C08059",NA
"C08061",NA
"C08063",NA
"C08065",NA
"C08067",NA
"C08069",NA
"C08071",NA
"C08073",NA
"C08075",NA
"C08077",NA
"C08079",NA
"C08081",NA
"C08083",NA
"C08085",NA
"C08087",NA
"C08089",NA
"C08091",NA
"C08093",NA
"C08095",NA
"C08097",NA
"C08099",NA
"C08101",NA
"C08103",NA
"C08105","Feb, 2019"
"C08107",NA
"C08109","Jan, 2019"
"C08111","May, 2018"
"C08113",NA
"C08115",NA
"C08117",NA
"C08119",NA
"C08121",NA
"C08123",NA
"C08125",NA
"C09001",NA
"C09003",NA
"C09005",NA
"C09007",NA
"C09009",NA
"C09011",NA
"C09013",NA
"C09015",NA
"C10001",NA
"C10003",NA
"C10005",NA
"C11001","Sep, 2018"
"C12001",NA
"C12003",NA
"C12005",NA
"C12007",NA
"C12009",NA
"C12011",NA
"C12013",NA
"C12015",NA
"C12017","Dec, 2018"
"C12019",NA
"C12021",NA
"C12023",NA
"C12027","Dec, 2018"
"C12029","Jan, 2019"
"C12031",NA
"C12033",NA
"C12035",NA
"C12037",NA
"C12039",NA
"C12041",NA
"C12043","May, 2019"
"C12045",NA
"C12047","Jan, 2019"
"C12049","Oct, 2018"
"C12051","Dec, 2018"
"C12053","Feb, 2019"
"C12055","Feb, 2019"
"C12057",NA
"C12059",NA
"C12061","Oct, 2019"
"C12063",NA
"C12065",NA
"C12067",NA
"C12069",NA
"C12071",NA
"C12073",NA
"C12075",NA
"C12077",NA
"C12079",NA
"C12081",NA
"C12083",NA
"C12085",NA
"C12086",NA
"C12087",NA
"C12089",NA
"C12091",NA
"C12093","Oct, 2018"
"C12095",NA
"C12097",NA
"C12099",NA
"C12101",NA
"C12103",NA
"C12105","Jun, 2019"
"C12107","Jul, 2019"
"C12109",NA
"C12111","Mar, 2018"
"C12113",NA
"C12115",NA
"C12117",NA
"C12119",NA
"C12121",NA
"C12123","Nov, 2018"
"C12125",NA
"C12127",NA
"C12129",NA
"C12131",NA
"C12133",NA
"C13001","Jul, 2019"
"C13003","Mar, 2019"
"C13005",NA
"C13007","Apr, 2019"
"C13009",NA
"C13011",NA
"C13013",NA
"C13015",NA
"C13017","Dec, 2018"
"C13019",NA
"C13021",NA
"C13023","Jul, 2019"
"C13025","Sep, 2018"
"C13027",NA
"C13029",NA
"C13031",NA
"C13033","Jan, 2018"
"C13035",NA
"C13037","Aug, 2018"
"C13039",NA
"C13043",NA
"C13045",NA
"C13047",NA
"C13049",NA
"C13051",NA
"C13053","Oct, 2019"
"C13055",NA
"C13057",NA
"C13059",NA
"C13061","May, 2019"
"C13063",NA
"C13065",NA
"C13067",NA
"C13069","Sep, 2019"
"C13071",NA
"C13073",NA
"C13075",NA
"C13077",NA
"C13079",NA
"C13081","Nov, 2019"
"C13083",NA
"C13085",NA
"C13087","Dec, 2018"
"C13089",NA
"C13091","Jan, 2019"
"C13093","Oct, 2018"
"C13095","Apr, 2019"
"C13097",NA
"C13099","Jul, 2019"
"C13101",NA
"C13103",NA
"C13105","Oct, 2019"
"C13107","Aug, 2019"
"C13109",NA
"C13111",NA
"C13113",NA
"C13115",NA
"C13117",NA
"C13119",NA
"C13121",NA
"C13123",NA
"C13125","Aug, 2019"
"C13127",NA
"C13129",NA
"C13131",NA
"C13133","Jul, 2019"
"C13135",NA
"C13137",NA
"C13139",NA
"C13141","Dec, 2018"
"C13143","Dec, 2018"
"C13145",NA
"C13147","Jun, 2019"
"C13149","Feb, 2019"
"C13151",NA
"C13153",NA
"C13155","Oct, 2019"
"C13157",NA
"C13159",NA
"C13161","Mar, 2019"
"C13163","Oct, 2019"
"C13165","Sep, 2019"
"C13167","Mar, 2019"
"C13169",NA
"C13171","Oct, 2019"
"C13173",NA
"C13175","Nov, 2019"
"C13177",NA
"C13179",NA
"C13181","Oct, 2019"
"C13183",NA
"C13185",NA
"C13187",NA
"C13189","Sep, 2018"
"C13191",NA
"C13193","Nov, 2017"
"C13195",NA
"C13197",NA
"C13199","Oct, 2019"
"C13201",NA
"C13205","Apr, 2019"
"C13207",NA
"C13209","Jul, 2018"
"C13211",NA
"C13213",NA
"C13215",NA
"C13217",NA
"C13219",NA
"C13221",NA
"C13223",NA
"C13225","Aug, 2019"
"C13227",NA
"C13229",NA
"C13231",NA
"C13233","Feb, 2019"
"C13235",NA
"C13237",NA
"C13239","Oct, 2018"
"C13241",NA
"C13243","Apr, 2018"
"C13245","Oct, 2018"
"C13247",NA
"C13249","Sep, 2019"
"C13251","Aug, 2019"
"C13253","Jan, 2019"
"C13255","Jan, 2019"
"C13257",NA
"C13259","Mar, 2019"
"C13261","Nov, 2018"
"C13263","Sep, 2019"
"C13265","Nov, 2018"
"C13267",NA
"C13269","Jun, 2019"
"C13271","Nov, 2019"
"C13273","Jun, 2019"
"C13275",NA
"C13277",NA
"C13279","Oct, 2018"
"C13281",NA
"C13283","Jun, 2018"
"C13285",NA
"C13287","Sep, 2018"
"C13289","Feb, 2019"
"C13291",NA
"C13293","Jan, 2019"
"C13295",NA
"C13297",NA
"C13299",NA
"C13301","Nov, 2018"
"C13303","Dec, 2018"
"C13305","Jul, 2019"
"C13307",NA
"C13309","Sep, 2018"
"C13311",NA
"C13313",NA
"C13315","Jul, 2019"
"C13317","Sep, 2018"
"C13319",NA
"C13321",NA
"C15001",NA
"C15003",NA
"C15007",NA
"C15009",NA
"C16001",NA
"C16003","Jun, 2018"
"C16005",NA
"C16007",NA
"C16009","Dec, 2018"
"C16011",NA
"C16013",NA
"C16015",NA
"C16017","Feb, 2019"
"C16019",NA
"C16021","Jul, 2018"
"C16023",NA
"C16025",NA
"C16027",NA
"C16029",NA
"C16031",NA
"C16033",NA
"C16035","Nov, 2018"
"C16037",NA
"C16039",NA
"C16041",NA
"C16043",NA
"C16045",NA
"C16047",NA
"C16049","Jul, 2018"
"C16051",NA
"C16053",NA
"C16055",NA
"C16057",NA
"C16059","Aug, 2019"
"C16061",NA
"C16063",NA
"C16065",NA
"C16067",NA
"C16069",NA
"C16071",NA
"C16073",NA
"C16075","Mar, 2019"
"C16077",NA
"C16079","Feb, 2018"
"C16081",NA
"C16083",NA
"C16085","Nov, 2018"
"C16087","Sep, 2019"
"C17001",NA
"C17003","Sep, 2019"
"C17005",NA
"C17007","Sep, 2019"
"C17009",NA
"C17011",NA
"C17013","Aug, 2019"
"C17015",NA
"C17017",NA
"C17019",NA
"C17021",NA
"C17023",NA
"C17025","Jan, 2019"
"C17027",NA
"C17029",NA
"C17031","Feb, 2019"
"C17033",NA
"C17035",NA
"C17037",NA
"C17039",NA
"C17041",NA
"C17043",NA
"C17045",NA
"C17047",NA
"C17049",NA
"C17051","Oct, 2018"
"C17053",NA
"C17055","Aug, 2019"
"C17057","Aug, 2018"
"C17059","Oct, 2018"
"C17061",NA
"C17063","Jul, 2018"
"C17065","Dec, 2018"
"C17067",NA
"C17069","Jun, 2018"
"C17071",NA
"C17073",NA
"C17075",NA
"C17077",NA
"C17079",NA
"C17081","Nov, 2019"
"C17083",NA
"C17085",NA
"C17087","Jun, 2019"
"C17089",NA
"C17091","Apr, 2019"
"C17093",NA
"C17095",NA
"C17097",NA
"C17099","Jul, 2019"
"C17101","Sep, 2018"
"C17103",NA
"C17105",NA
"C17107",NA
"C17109",NA
"C17111",NA
"C17113",NA
"C17115","Sep, 2019"
"C17117",NA
"C17119",NA
"C17121","Sep, 2019"
"C17123",NA
"C17125","Oct, 2019"
"C17127",NA
"C17129",NA
"C17131",NA
"C17133",NA
"C17135","Sep, 2018"
"C17137",NA
"C17139",NA
"C17141",NA
"C17143",NA
"C17145","Sep, 2019"
"C17147",NA
"C17149",NA
"C17151","Jan, 2019"
"C17153","Jul, 2019"
"C17155","Jul, 2019"
"C17157",NA
"C17159",NA
"C17161",NA
"C17163",NA
"C17165","Aug, 2018"
"C17167",NA
"C17169",NA
"C17171",NA
"C17173",NA
"C17175",NA
"C17177",NA
"C17179",NA
"C17181","Apr, 2019"
"C17183","Nov, 2019"
"C17185","Jan, 2019"
"C17187",NA
"C17189",NA
"C17191",NA
"C17193",NA
"C17195",NA
"C17197",NA
"C17199","Oct, 2018"
"C17201","Apr, 2019"
"C17203",NA
"C18001",NA
"C18003",NA
"C18005",NA
"C18007",NA
"C18009","Jan, 2019"
"C18011",NA
"C18013",NA
"C18015",NA
"C18017",NA
"C18019",NA
"C18021",NA
"C18023",NA
"C18025","Oct, 2019"
"C18027",NA
"C18029",NA
"C18031",NA
"C18033",NA
"C18035",NA
"C18037",NA
"C18039",NA
"C18041","Oct, 2019"
"C18043",NA
"C18045",NA
"C18047",NA
"C18049",NA
"C18051",NA
"C18053","Apr, 2019"
"C18055","Sep, 2018"
"C18057",NA
"C18059",NA
"C18061",NA
"C18063",NA
"C18065",NA
"C18067",NA
"C18069",NA
"C18071",NA
"C18073",NA
"C18075",NA
"C18077",NA
"C18079",NA
"C18081",NA
"C18083",NA
"C18085",NA
"C18087",NA
"C18089",NA
"C18091",NA
"C18093","Apr, 2019"
"C18095",NA
"C18097",NA
"C18099",NA
"C18101",NA
"C18103",NA
"C18105",NA
"C18107",NA
"C18109",NA
"C18111",NA
"C18113",NA
"C18115",NA
"C18117","Sep, 2018"
"C18119",NA
"C18121",NA
"C18123",NA
"C18125",NA
"C18127",NA
"C18129",NA
"C18131",NA
"C18133",NA
"C18135","Jul, 2018"
"C18137",NA
"C18139",NA
"C18141",NA
"C18143",NA
"C18145",NA
"C18147",NA
"C18149","Mar, 2019"
"C18151",NA
"C18153","Nov, 2019"
"C18155",NA
"C18157",NA
"C18159",NA
"C18161",NA
"C18163",NA
"C18165","Aug, 2018"
"C18167",NA
"C18169",NA
"C18171",NA
"C18173",NA
"C18175",NA
"C18177","Apr, 2019"
"C18179",NA
"C18181",NA
"C18183",NA
"C19001",NA
"C19003",NA
"C19005",NA
"C19007",NA
"C19009",NA
"C19011",NA
"C19013",NA
"C19015",NA
"C19017",NA
"C19019",NA
"C19021",NA
"C19023",NA
"C19025",NA
"C19027",NA
"C19029",NA
"C19031",NA
"C19033",NA
"C19035",NA
"C19037",NA
"C19039",NA
"C19041",NA
"C19043",NA
"C19045",NA
"C19047",NA
"C19049",NA
"C19051",NA
"C19053",NA
"C19055",NA
"C19057",NA
"C19059",NA
"C19061",NA
"C19063",NA
"C19065",NA
"C19067",NA
"C19069",NA
"C19071",NA
"C19073",NA
"C19075",NA
"C19077",NA
"C19079",NA
"C19081",NA
"C19083",NA
"C19085",NA
"C19087",NA
"C19089",NA
"C19091",NA
"C19093",NA
"C19095",NA
"C19097",NA
"C19099",NA
"C19101",NA
"C19103",NA
"C19105",NA
"C19107",NA
"C19109",NA
"C19111",NA
"C19113",NA
"C19115",NA
"C19117",NA
"C19119",NA
"C19121",NA
"C19123",NA
"C19125",NA
"C19127",NA
"C19129",NA
"C19131",NA
"C19133",NA
"C19135",NA
"C19137",NA
"C19139",NA
"C19141",NA
"C19143",NA
"C19145",NA
"C19147",NA
"C19149",NA
"C19151",NA
"C19153",NA
"C19155",NA
"C19157",NA
"C19159",NA
"C19161",NA
"C19163",NA
"C19165",NA
"C19167",NA
"C19169",NA
"C19171",NA
"C19173",NA
"C19175",NA
"C19177",NA
"C19179",NA
"C19181",NA
"C19183",NA
"C19185",NA
"C19187",NA
"C19189",NA
"C19191",NA
"C19193",NA
"C19195",NA
"C19197",NA
"C20001",NA
"C20003",NA
"C20005",NA
"C20007",NA
"C20009",NA
"C20011",NA
"C20013",NA
"C20015",NA
"C20017",NA
"C20019",NA
"C20021",NA
"C20023",NA
"C20025",NA
"C20027",NA
"C20029",NA
"C20031",NA
"C20033",NA
"C20035",NA
"C20037",NA
"C20039",NA
"C20041",NA
"C20043",NA
"C20045",NA
"C20047",NA
"C20049",NA
"C20051",NA
"C20053",NA
"C20055",NA
"C20057",NA
"C20059",NA
"C20061",NA
"C20063",NA
"C20065",NA
"C20067",NA
"C20069",NA
"C20071",NA
"C20073",NA
"C20075",NA
"C20077",NA
"C20079",NA
"C20081",NA
"C20083",NA
"C20085",NA
"C20087",NA
"C20089",NA
"C20091",NA
"C20093",NA
"C20095",NA
"C20097",NA
"C20099",NA
"C20101",NA
"C20103",NA
"C20105",NA
"C20107","Oct, 2018"
"C20109",NA
"C20111",NA
"C20113",NA
"C20115",NA
"C20117",NA
"C20119",NA
"C20121",NA
"C20123",NA
"C20125",NA
"C20127",NA
"C20129",NA
"C20131",NA
"C20133",NA
"C20135",NA
"C20137",NA
"C20139",NA
"C20141",NA
"C20143",NA
"C20145",NA
"C20147",NA
"C20149",NA
"C20151",NA
"C20153",NA
"C20155",NA
"C20157",NA
"C20159",NA
"C20161",NA
"C20163",NA
"C20165",NA
"C20167",NA
"C20169",NA
"C20171",NA
"C20173",NA
"C20175",NA
"C20177",NA
"C20179",NA
"C20181",NA
"C20183",NA
"C20185",NA
"C20187",NA
"C20189",NA
"C20191",NA
"C20193",NA
"C20195",NA
"C20197",NA
"C20199",NA
"C20201",NA
"C20203",NA
"C20205",NA
"C20207",NA
"C20209","Feb, 2019"
"C21001","Apr, 2019"
"C21003",NA
"C21005",NA
"C21007","Aug, 2018"
"C21009",NA
"C21011","Sep, 2019"
"C21013","Sep, 2018"
"C21015",NA
"C21017",NA
"C21019","Sep, 2018"
"C21021",NA
"C21023","Jan, 2019"
"C21025","Mar, 2018"
"C21027","Mar, 2019"
"C21029",NA
"C21031","Oct, 2018"
"C21033",NA
"C21035",NA
"C21037",NA
"C21039","Jan, 2019"
"C21041",NA
"C21043","Apr, 2019"
"C21045",NA
"C21047",NA
"C21049",NA
"C21051","Nov, 2018"
"C21053","May, 2019"
"C21055","Jul, 2019"
"C21057","Mar, 2019"
"C21059",NA
"C21061","Aug, 2019"
"C21063","May, 2019"
"C21065","Sep, 2018"
"C21067",NA
"C21069","Dec, 2018"
"C21071","Jul, 2018"
"C21073",NA
"C21075","Dec, 2018"
"C21077",NA
"C21079",NA
"C21081",NA
"C21083","Dec, 2018"
"C21085","Jun, 2018"
"C21087","Nov, 2018"
"C21089","Jun, 2019"
"C21091","Oct, 2018"
"C21093",NA
"C21095","Oct, 2017"
"C21097",NA
"C21099",NA
"C21101",NA
"C21103",NA
"C21105","Apr, 2019"
"C21107",NA
"C21109","Jun, 2018"
"C21111",NA
"C21113",NA
"C21115","May, 2019"
"C21117",NA
"C21119","Aug, 2019"
"C21121","Jun, 2018"
"C21123",NA
"C21125","Jan, 2019"
"C21127","Feb, 2018"
"C21129","Feb, 2019"
"C21131","Apr, 2018"
"C21133","Aug, 2019"
"C21135","Nov, 2018"
"C21137","Jun, 2019"
"C21139","Apr, 2019"
"C21141",NA
"C21143","Jun, 2019"
"C21145",NA
"C21147","Dec, 2017"
"C21149","Aug, 2018"
"C21151",NA
"C21153","Nov, 2018"
"C21155",NA
"C21157","Feb, 2019"
"C21159","Aug, 2018"
"C21161",NA
"C21163",NA
"C21165","Feb, 2018"
"C21167",NA
"C21169",NA
"C21171",NA
"C21173","Nov, 2018"
"C21175","Jun, 2018"
"C21177","Sep, 2018"
"C21179",NA
"C21181",NA
"C21183","Aug, 2018"
"C21185",NA
"C21187",NA
"C21189","Mar, 2019"
"C21191",NA
"C21193","Mar, 2018"
"C21195","Mar, 2019"
"C21197","Jul, 2018"
"C21199","Aug, 2019"
"C21201",NA
"C21203","Jul, 2019"
"C21205",NA
"C21207","Jun, 2019"
"C21209",NA
"C21211",NA
"C21213",NA
"C21215",NA
"C21217","Oct, 2019"
"C21219",NA
"C21221",NA
"C21223",NA
"C21225","Feb, 2019"
"C21227",NA
"C21229",NA
"C21231","May, 2019"
"C21233",NA
"C21235","Nov, 2018"
"C21237","Aug, 2019"
"C21239",NA
"C22001",NA
"C22003","Dec, 2018"
"C22005",NA
"C22007","Jul, 2019"
"C22009","Jan, 2019"
"C22011",NA
"C22013","Jul, 2018"
"C22015",NA
"C22017",NA
"C22019",NA
"C22021","Oct, 2019"
"C22023",NA
"C22025","Jun, 2018"
"C22027","Sep, 2019"
"C22029","Apr, 2019"
"C22031","Jul, 2019"
"C22033",NA
"C22035","Sep, 2019"
"C22037",NA
"C22039","Dec, 2018"
"C22041","Jul, 2018"
"C22043","Nov, 2019"
"C22045",NA
"C22047","Nov, 2018"
"C22049",NA
"C22053",NA
"C22055",NA
"C22057",NA
"C22059",NA
"C22061",NA
"C22063",NA
"C22065","Dec, 2018"
"C22067","May, 2018"
"C22069","Jul, 2019"
"C22073",NA
"C22077","Aug, 2018"
"C22079",NA
"C22081","Dec, 2018"
"C22083","Apr, 2019"
"C22085",NA
"C22091","Aug, 2019"
"C22093","Jun, 2018"
"C22097","Jul, 2019"
"C22099",NA
"C22101","Jun, 2019"
"C22105","Jun, 2019"
"C22107","Aug, 2019"
"C22109",NA
"C22111",NA
"C22113",NA
"C22115",NA
"C22117","Dec, 2018"
"C22119","Dec, 2018"
"C22121",NA
"C22123","Dec, 2018"
"C22125",NA
"C22127",NA
"C23001",NA
"C23003","Nov, 2018"
"C23005",NA
"C23007",NA
"C23009",NA
"C23011",NA
"C23013",NA
"C23015",NA
"C23017",NA
"C23019",NA
"C23021","Nov, 2019"
"C23023",NA
"C23025","Jul, 2019"
"C23027",NA
"C23029","Jan, 2019"
"C23031",NA
"C24001","Feb, 2019"
"C24003",NA
"C24005",NA
"C24009",NA
"C24011",NA
"C24013",NA
"C24015",NA
"C24017",NA
"C24019","Jul, 2018"
"C24021",NA
"C24023","Nov, 2018"
"C24025",NA
"C24027",NA
"C24029",NA
"C24031",NA
"C24033",NA
"C24035",NA
"C24037",NA
"C24039","Sep, 2018"
"C24041",NA
"C24043",NA
"C24045",NA
"C24047","May, 2019"
"C24510","Jan, 2019"
"C25001",NA
"C25003",NA
"C25005","Oct, 2018"
"C25007",NA
"C25009",NA
"C25011",NA
"C25013",NA
"C25015",NA
"C25017",NA
"C25019",NA
"C25021",NA
"C25023",NA
"C25025",NA
"C25027",NA
"C26001","Apr, 2019"
"C26003","Jun, 2019"
"C26005",NA
"C26007","Dec, 2018"
"C26009","Jun, 2018"
"C26011","Oct, 2019"
"C26013","May, 2019"
"C26015",NA
"C26017","Sep, 2019"
"C26019","Aug, 2019"
"C26021","Aug, 2019"
"C26023",NA
"C26025",NA
"C26027",NA
"C26029","Sep, 2019"
"C26031","Jan, 2018"
"C26033","Mar, 2018"
"C26035","Nov, 2018"
"C26037",NA
"C26039","Oct, 2019"
"C26041","Apr, 2018"
"C26043",NA
"C26045",NA
"C26047","Jun, 2019"
"C26049","Aug, 2019"
"C26051","Aug, 2019"
"C26053","Nov, 2018"
"C26055",NA
"C26057","Oct, 2019"
"C26059","Nov, 2019"
"C26061","Oct, 2018"
"C26063","Jan, 2019"
"C26065",NA
"C26067","Jul, 2019"
"C26069","Feb, 2018"
"C26071","Feb, 2019"
"C26073",NA
"C26075",NA
"C26077",NA
"C26079","Oct, 2018"
"C26081",NA
"C26083","Dec, 2018"
"C26085","Sep, 2019"
"C26087","Jan, 2019"
"C26089",NA
"C26091",NA
"C26093",NA
"C26095","Dec, 2018"
"C26097","Sep, 2019"
"C26099","Feb, 2019"
"C26101","Oct, 2018"
"C26103",NA
"C26105","Sep, 2018"
"C26107","Jan, 2019"
"C26109",NA
"C26111",NA
"C26113","Nov, 2018"
"C26115",NA
"C26117","Dec, 2018"
"C26119","Oct, 2018"
"C26121","Dec, 2018"
"C26123","Oct, 2018"
"C26125",NA
"C26127","Oct, 2017"
"C26129","Jul, 2018"
"C26131","Nov, 2018"
"C26133","Nov, 2019"
"C26135","Nov, 2018"
"C26137","Oct, 2018"
"C26139",NA
"C26141","Oct, 2018"
"C26143","Jul, 2018"
"C26145","Nov, 2019"
"C26147","Apr, 2018"
"C26149",NA
"C26151","Jul, 2018"
"C26153","May, 2018"
"C26155","Jun, 2019"
"C26157","Aug, 2019"
"C26159","Aug, 2019"
"C26161",NA
"C26163","Jul, 2018"
"C26165","Nov, 2019"
"C27001","Jan, 2019"
"C27003",NA
"C27005",NA
"C27007",NA
"C27009",NA
"C27011",NA
"C27013",NA
"C27015",NA
"C27017",NA
"C27019",NA
"C27021","Aug, 2018"
"C27023",NA
"C27025",NA
"C27027",NA
"C27029","May, 2019"
"C27031",NA
"C27033",NA
"C27035",NA
"C27037",NA
"C27039",NA
"C27041",NA
"C27043",NA
"C27045",NA
"C27047",NA
"C27049",NA
"C27051",NA
"C27053",NA
"C27055",NA
"C27057","Jul, 2019"
"C27059",NA
"C27061","Sep, 2019"
"C27063",NA
"C27065","Jul, 2018"
"C27067",NA
"C27069",NA
"C27071","Nov, 2018"
"C27073",NA
"C27075",NA
"C27077",NA
"C27079",NA
"C27081",NA
"C27083",NA
"C27085",NA
"C27087","Jul, 2019"
"C27089","Jun, 2018"
"C27091",NA
"C27093",NA
"C27095","Sep, 2019"
"C27097","Nov, 2019"
"C27099",NA
"C27101",NA
"C27103",NA
"C27105",NA
"C27107",NA
"C27109",NA
"C27111",NA
"C27113",NA
"C27115","May, 2019"
"C27117",NA
"C27119",NA
"C27121",NA
"C27123",NA
"C27125","Sep, 2018"
"C27127",NA
"C27129",NA
"C27131",NA
"C27133",NA
"C27135",NA
"C27137",NA
"C27139",NA
"C27141",NA
"C27143",NA
"C27145",NA
"C27147",NA
"C27149",NA
"C27151",NA
"C27153",NA
"C27155",NA
"C27157",NA
"C27159",NA
"C27161",NA
"C27163",NA
"C27165",NA
"C27167",NA
"C27169",NA
"C27171",NA
"C27173",NA
"C28001","Jun, 2018"
"C28003","Dec, 2018"
"C28005","Sep, 2019"
"C28007","May, 2018"
"C28009","Oct, 2018"
"C28011","May, 2019"
"C28013","Aug, 2019"
"C28015","Aug, 2019"
"C28017","Sep, 2019"
"C28019","Apr, 2019"
"C28021","Jan, 2018"
"C28023","May, 2018"
"C28025","Dec, 2018"
"C28027","Nov, 2018"
"C28029","Mar, 2019"
"C28031",NA
"C28033",NA
"C28035",NA
"C28037","Oct, 2019"
"C28039","Aug, 2018"
"C28041","Aug, 2019"
"C28043","Jul, 2019"
"C28045",NA
"C28047",NA
"C28049",NA
"C28051","Oct, 2018"
"C28053","Jan, 2019"
"C28055","Apr, 2019"
"C28057",NA
"C28059",NA
"C28061","Oct, 2019"
"C28063","Dec, 2017"
"C28065","Aug, 2018"
"C28067",NA
"C28069","Apr, 2018"
"C28071",NA
"C28073",NA
"C28075",NA
"C28077","Nov, 2019"
"C28079",NA
"C28081",NA
"C28083","Aug, 2019"
"C28085","Mar, 2019"
"C28087","Nov, 2018"
"C28089",NA
"C28091","Jul, 2019"
"C28093","Feb, 2019"
"C28095","Sep, 2018"
"C28097","Nov, 2018"
"C28099",NA
"C28101",NA
"C28103","Jan, 2019"
"C28105",NA
"C28107","Jun, 2019"
"C28109",NA
"C28111","Nov, 2018"
"C28113","Aug, 2018"
"C28115",NA
"C28117","Mar, 2019"
"C28119","Apr, 2018"
"C28121",NA
"C28123",NA
"C28125","May, 2019"
"C28127",NA
"C28129",NA
"C28131","Jan, 2019"
"C28133","Jun, 2018"
"C28135","Feb, 2018"
"C28137","Jun, 2019"
"C28139","May, 2019"
"C28141","Nov, 2018"
"C28143","Sep, 2018"
"C28145",NA
"C28147","Nov, 2018"
"C28149",NA
"C28151","Dec, 2018"
"C28153","Oct, 2019"
"C28155","Jan, 2019"
"C28157","Jan, 2019"
"C28159","Sep, 2019"
"C28161","Nov, 2018"
"C28163","Nov, 2019"
"C29001",NA
"C29003",NA
"C29005",NA
"C29007",NA
"C29009",NA
"C29011",NA
"C29013",NA
"C29015","Nov, 2019"
"C29017",NA
"C29019",NA
"C29021",NA
"C29023",NA
"C29025",NA
"C29027",NA
"C29029",NA
"C29031",NA
"C29033",NA
"C29035","Mar, 2019"
"C29037",NA
"C29039",NA
"C29041",NA
"C29043",NA
"C29045",NA
"C29047",NA
"C29049",NA
"C29051",NA
"C29053",NA
"C29055","May, 2019"
"C29057",NA
"C29059","Jul, 2019"
"C29061",NA
"C29063",NA
"C29065","Jan, 2019"
"C29067","Feb, 2019"
"C29069","Mar, 2019"
"C29071",NA
"C29073",NA
"C29075",NA
"C29077",NA
"C29079",NA
"C29081",NA
"C29083",NA
"C29085","Jun, 2019"
"C29087",NA
"C29089",NA
"C29091",NA
"C29093","Oct, 2018"
"C29095",NA
"C29097",NA
"C29099",NA
"C29101",NA
"C29103",NA
"C29105","May, 2019"
"C29107",NA
"C29109",NA
"C29111",NA
"C29113",NA
"C29115","Nov, 2019"
"C29117",NA
"C29119",NA
"C29121",NA
"C29123","Oct, 2018"
"C29125",NA
"C29127",NA
"C29129",NA
"C29131","Apr, 2019"
"C29133","Jan, 2019"
"C29135",NA
"C29137",NA
"C29139",NA
"C29141","Apr, 2019"
"C29143","Sep, 2019"
"C29145",NA
"C29147",NA
"C29149",NA
"C29151",NA
"C29153","Jun, 2019"
"C29155","Jun, 2018"
"C29157",NA
"C29159",NA
"C29161",NA
"C29163",NA
"C29165",NA
"C29167",NA
"C29169",NA
"C29171",NA
"C29173",NA
"C29175",NA
"C29177",NA
"C29179","Aug, 2018"
"C29181","Nov, 2018"
"C29183",NA
"C29185",NA
"C29186",NA
"C29187","Sep, 2019"
"C29189",NA
"C29195",NA
"C29197",NA
"C29199",NA
"C29201",NA
"C29203","Jan, 2019"
"C29205",NA
"C29207","Dec, 2018"
"C29209","Jun, 2019"
"C29211",NA
"C29213","Jul, 2019"
"C29215","May, 2019"
"C29217",NA
"C29219",NA
"C29221","Nov, 2019"
"C29223","Mar, 2018"
"C29225",NA
"C29227",NA
"C29229","Jan, 2019"
"C29510","Nov, 2019"
"C30001",NA
"C30003","Jun, 2018"
"C30005",NA
"C30007",NA
"C30009",NA
"C30011",NA
"C30013",NA
"C30015",NA
"C30017",NA
"C30019",NA
"C30021",NA
"C30023",NA
"C30025",NA
"C30027",NA
"C30029","Sep, 2019"
"C30031",NA
"C30033",NA
"C30035","Dec, 2018"
"C30037",NA
"C30039","Jun, 2019"
"C30041",NA
"C30043",NA
"C30045",NA
"C30047",NA
"C30049",NA
"C30051",NA
"C30053","Nov, 2019"
"C30055",NA
"C30057",NA
"C30059",NA
"C30061","Jan, 2019"
"C30063",NA
"C30065",NA
"C30067",NA
"C30069",NA
"C30071",NA
"C30073",NA
"C30075",NA
"C30077",NA
"C30079",NA
"C30081",NA
"C30083",NA
"C30085","Dec, 2018"
"C30087",NA
"C30089","Jan, 2018"
"C30091",NA
"C30093",NA
"C30095",NA
"C30097",NA
"C30099",NA
"C30101",NA
"C30103",NA
"C30105",NA
"C30107",NA
"C30109",NA
"C30111",NA
"C31001",NA
"C31003",NA
"C31005",NA
"C31007",NA
"C31009",NA
"C31011",NA
"C31013",NA
"C31015",NA
"C31017",NA
"C31019",NA
"C31021",NA
"C31023",NA
"C31025",NA
"C31027",NA
"C31029",NA
"C31031",NA
"C31033",NA
"C31035",NA
"C31037",NA
"C31039",NA
"C31041",NA
"C31043",NA
"C31045",NA
"C31047",NA
"C31049",NA
"C31051",NA
"C31053",NA
"C31055",NA
"C31057",NA
"C31059",NA
"C31061",NA
"C31063",NA
"C31065",NA
"C31067",NA
"C31069",NA
"C31071",NA
"C31073",NA
"C31075",NA
"C31077",NA
"C31079",NA
"C31081",NA
"C31083",NA
"C31085",NA
"C31087",NA
"C31089",NA
"C31091",NA
"C31093",NA
"C31095",NA
"C31097",NA
"C31099",NA
"C31101",NA
"C31103",NA
"C31105",NA
"C31107",NA
"C31109",NA
"C31111",NA
"C31113",NA
"C31115",NA
"C31117",NA
"C31119",NA
"C31121",NA
"C31123",NA
"C31125",NA
"C31127",NA
"C31129",NA
"C31131",NA
"C31133",NA
"C31135",NA
"C31137",NA
"C31139",NA
"C31141",NA
"C31143",NA
"C31145",NA
"C31147",NA
"C31149",NA
"C31151",NA
"C31153",NA
"C31155",NA
"C31157",NA
"C31159",NA
"C31161",NA
"C31163",NA
"C31165",NA
"C31167",NA
"C31169",NA
"C31171",NA
"C31173","Oct, 2018"
"C31175",NA
"C31177",NA
"C31179",NA
"C31181",NA
"C31183",NA
"C31185",NA
"C32001",NA
"C32003",NA
"C32005",NA
"C32007",NA
"C32009",NA
"C32011",NA
"C32013",NA
"C32015",NA
"C32017","Jul, 2019"
"C32019","Dec, 2018"
"C32021","Nov, 2019"
"C32023","Nov, 2018"
"C32027",NA
"C32029",NA
"C32031",NA
"C32033",NA
"C32510","Feb, 2019"
"C33001",NA
"C33003",NA
"C33005",NA
"C33007",NA
"C33009",NA
"C33011",NA
"C33013",NA
"C33015",NA
"C33017",NA
"C33019",NA
"C34001","Nov, 2019"
"C34003",NA
"C34005",NA
"C34007",NA
"C34009","Aug, 2019"
"C34011","Jun, 2018"
"C34013","Mar, 2019"
"C34015",NA
"C34017","Jan, 2019"
"C34019",NA
"C34021",NA
"C34023",NA
"C34025",NA
"C34027",NA
"C34029",NA
"C34031","Sep, 2018"
"C34033","Mar, 2019"
"C34035",NA
"C34037",NA
"C34039",NA
"C34041",NA
"C35001",NA
"C35003","Oct, 2018"
"C35005",NA
"C35006","Nov, 2018"
"C35007",NA
"C35009",NA
"C35011",NA
"C35013","Aug, 2019"
"C35015",NA
"C35017","Nov, 2019"
"C35019","Jul, 2018"
"C35021",NA
"C35023",NA
"C35025",NA
"C35027",NA
"C35028",NA
"C35029","Feb, 2018"
"C35031","Aug, 2019"
"C35033","May, 2018"
"C35035",NA
"C35037",NA
"C35039","Feb, 2019"
"C35041",NA
"C35043",NA
"C35045","Sep, 2019"
"C35047","May, 2019"
"C35049",NA
"C35051",NA
"C35053",NA
"C35055","Oct, 2018"
"C35057","Sep, 2019"
"C35059",NA
"C35061",NA
"C36001",NA
"C36003","Jan, 2019"
"C36005","Mar, 2018"
"C36007",NA
"C36009","Nov, 2019"
"C36011",NA
"C36013",NA
"C36015",NA
"C36017",NA
"C36019",NA
"C36021",NA
"C36023",NA
"C36025",NA
"C36027",NA
"C36029",NA
"C36031","Aug, 2019"
"C36033","Nov, 2018"
"C36035","Mar, 2019"
"C36037",NA
"C36039",NA
"C36041","Aug, 2018"
"C36043",NA
"C36045","Jul, 2019"
"C36047","Apr, 2019"
"C36049","Jun, 2019"
"C36051",NA
"C36053",NA
"C36055",NA
"C36057","Feb, 2019"
"C36059",NA
"C36061",NA
"C36063",NA
"C36065",NA
"C36067",NA
"C36069",NA
"C36071",NA
"C36073",NA
"C36075","Sep, 2018"
"C36077",NA
"C36079",NA
"C36081",NA
"C36083",NA
"C36085","Oct, 2019"
"C36087",NA
"C36089","Apr, 2019"
"C36091",NA
"C36093",NA
"C36095",NA
"C36097",NA
"C36099",NA
"C36101",NA
"C36103",NA
"C36105",NA
"C36107",NA
"C36109",NA
"C36111",NA
"C36113",NA
"C36115",NA
"C36117",NA
"C36119",NA
"C36121",NA
"C36123",NA
"C37001",NA
"C37003",NA
"C37005",NA
"C37007","Jan, 2019"
"C37009","Sep, 2019"
"C37011",NA
"C37013","Mar, 2019"
"C37015","Jun, 2019"
"C37017","Sep, 2018"
"C37019","Nov, 2018"
"C37021",NA
"C37023",NA
"C37025",NA
"C37027",NA
"C37029",NA
"C37031",NA
"C37033",NA
"C37035",NA
"C37037",NA
"C37039","Jul, 2019"
"C37041",NA
"C37043",NA
"C37045","Dec, 2018"
"C37047","Mar, 2019"
"C37049",NA
"C37051",NA
"C37053",NA
"C37055",NA
"C37057",NA
"C37059",NA
"C37061",NA
"C37063",NA
"C37065","Jul, 2019"
"C37067",NA
"C37069",NA
"C37071",NA
"C37073",NA
"C37075","Sep, 2019"
"C37077",NA
"C37079",NA
"C37081",NA
"C37083","Jun, 2019"
"C37085",NA
"C37087",NA
"C37089",NA
"C37091","May, 2019"
"C37093","Sep, 2019"
"C37095","Mar, 2019"
"C37097",NA
"C37099",NA
"C37101",NA
"C37103",NA
"C37105",NA
"C37107","Mar, 2019"
"C37109",NA
"C37111","Jul, 2019"
"C37113",NA
"C37115",NA
"C37117","Sep, 2019"
"C37119",NA
"C37121","Sep, 2019"
"C37123","Aug, 2019"
"C37125",NA
"C37127","Aug, 2019"
"C37129",NA
"C37131","Sep, 2019"
"C37133",NA
"C37135",NA
"C37137",NA
"C37139",NA
"C37141",NA
"C37143",NA
"C37145","May, 2019"
"C37147",NA
"C37149",NA
"C37151",NA
"C37153","Jul, 2019"
"C37155","Apr, 2019"
"C37157","Nov, 2019"
"C37159",NA
"C37161","Sep, 2018"
"C37163",NA
"C37165","Oct, 2017"
"C37167",NA
"C37169",NA
"C37171",NA
"C37173","Aug, 2019"
"C37175",NA
"C37177","Jun, 2018"
"C37179",NA
"C37181","Nov, 2018"
"C37183",NA
"C37185","May, 2018"
"C37187","Sep, 2018"
"C37189",NA
"C37191",NA
"C37193",NA
"C37195","Mar, 2018"
"C37197",NA
"C37199","Dec, 2018"
"C38001",NA
"C38003",NA
"C38005","Jan, 2019"
"C38007",NA
"C38009",NA
"C38011",NA
"C38013",NA
"C38015",NA
"C38017",NA
"C38019",NA
"C38021",NA
"C38023",NA
"C38025",NA
"C38027",NA
"C38029",NA
"C38031",NA
"C38033",NA
"C38035",NA
"C38037",NA
"C38039",NA
"C38041",NA
"C38043",NA
"C38045",NA
"C38047",NA
"C38049",NA
"C38051",NA
"C38053",NA
"C38055",NA
"C38057",NA
"C38059",NA
"C38061",NA
"C38063",NA
"C38065",NA
"C38067",NA
"C38069",NA
"C38071",NA
"C38073",NA
"C38075",NA
"C38077",NA
"C38079","Mar, 2019"
"C38081",NA
"C38083",NA
"C38085","Feb, 2019"
"C38087",NA
"C38089",NA
"C38091",NA
"C38093",NA
"C38095",NA
"C38097",NA
"C38099",NA
"C38101",NA
"C38103",NA
"C38105",NA
"C39001","Jun, 2018"
"C39003",NA
"C39005",NA
"C39007","Jul, 2019"
"C39009",NA
"C39011",NA
"C39013","Jun, 2019"
"C39015","Jan, 2019"
"C39017",NA
"C39019","May, 2019"
"C39021",NA
"C39023",NA
"C39025",NA
"C39027",NA
"C39029","Nov, 2018"
"C39031","Aug, 2019"
"C39033","Jul, 2019"
"C39035",NA
"C39037",NA
"C39039",NA
"C39041",NA
"C39043",NA
"C39045",NA
"C39047",NA
"C39049",NA
"C39051",NA
"C39053","Jun, 2018"
"C39055",NA
"C39057",NA
"C39059","Apr, 2019"
"C39061",NA
"C39063",NA
"C39065",NA
"C39067","Apr, 2019"
"C39069","Mar, 2019"
"C39071","Feb, 2019"
"C39073","Oct, 2019"
"C39075",NA
"C39077","Jul, 2018"
"C39079","Sep, 2018"
"C39081","Sep, 2018"
"C39083",NA
"C39085",NA
"C39087","Mar, 2019"
"C39089",NA
"C39091",NA
"C39093",NA
"C39095","Jan, 2019"
"C39097",NA
"C39099","Aug, 2019"
"C39101",NA
"C39103",NA
"C39105","Oct, 2019"
"C39107",NA
"C39109",NA
"C39111","Mar, 2019"
"C39113",NA
"C39115","Apr, 2019"
"C39117",NA
"C39119","Jun, 2018"
"C39121","Feb, 2019"
"C39123","May, 2019"
"C39125",NA
"C39127","Jun, 2019"
"C39129",NA
"C39131","Feb, 2018"
"C39133",NA
"C39135",NA
"C39137",NA
"C39139","May, 2019"
"C39141","Mar, 2019"
"C39143",NA
"C39145","Nov, 2018"
"C39147","Mar, 2019"
"C39149",NA
"C39151",NA
"C39153",NA
"C39155","Apr, 2019"
"C39157",NA
"C39159",NA
"C39161",NA
"C39163","Aug, 2019"
"C39165",NA
"C39167","Nov, 2019"
"C39169",NA
"C39171",NA
"C39173",NA
"C39175",NA
"C40001",NA
"C40003",NA
"C40005",NA
"C40007",NA
"C40009",NA
"C40011",NA
"C40013",NA
"C40015",NA
"C40017",NA
"C40019",NA
"C40021",NA
"C40023","Jan, 2019"
"C40025",NA
"C40027",NA
"C40029","Feb, 2019"
"C40031",NA
"C40033",NA
"C40035",NA
"C40037",NA
"C40039",NA
"C40041",NA
"C40043",NA
"C40045",NA
"C40047",NA
"C40049",NA
"C40051",NA
"C40053",NA
"C40055",NA
"C40057",NA
"C40059",NA
"C40061","Oct, 2019"
"C40063","Nov, 2018"
"C40065",NA
"C40067",NA
"C40069",NA
"C40071",NA
"C40073",NA
"C40075",NA
"C40077","Mar, 2018"
"C40079","Nov, 2018"
"C40081",NA
"C40083",NA
"C40085",NA
"C40087",NA
"C40089","Aug, 2018"
"C40091","Nov, 2019"
"C40093",NA
"C40095",NA
"C40097",NA
"C40099",NA
"C40101",NA
"C40103",NA
"C40105",NA
"C40107",NA
"C40109",NA
"C40111","Jul, 2019"
"C40113",NA
"C40115",NA
"C40117",NA
"C40119",NA
"C40121",NA
"C40123",NA
"C40125",NA
"C40127","May, 2019"
"C40129",NA
"C40131",NA
"C40133","Apr, 2019"
"C40135","Nov, 2019"
"C40137",NA
"C40139",NA
"C40141",NA
"C40143",NA
"C40145",NA
"C40147",NA
"C40149",NA
"C40151",NA
"C40153",NA
"C41001","Oct, 2019"
"C41003",NA
"C41005",NA
"C41007",NA
"C41009","Jun, 2019"
"C41011","Jan, 2019"
"C41013","Jul, 2018"
"C41015","Sep, 2018"
"C41017","Mar, 2019"
"C41019","Aug, 2019"
"C41021",NA
"C41023","Jan, 2019"
"C41025","Mar, 2018"
"C41027","Jun, 2019"
"C41029","Mar, 2019"
"C41031","Jul, 2018"
"C41033","Aug, 2019"
"C41035","May, 2018"
"C41037","Jan, 2019"
"C41039",NA
"C41041","Oct, 2018"
"C41043","Jun, 2019"
"C41045","Oct, 2019"
"C41047",NA
"C41049","Mar, 2019"
"C41051",NA
"C41053",NA
"C41055","Oct, 2019"
"C41057",NA
"C41059","Nov, 2018"
"C41061","Sep, 2019"
"C41063","May, 2018"
"C41065","Jan, 2019"
"C41067",NA
"C41069","Mar, 2019"
"C41071",NA
"C42001",NA
"C42003",NA
"C42005","Oct, 2019"
"C42007",NA
"C42009","Mar, 2019"
"C42011",NA
"C42013",NA
"C42015",NA
"C42017",NA
"C42019",NA
"C42021","Feb, 2019"
"C42023","Dec, 2018"
"C42025","Oct, 2018"
"C42027",NA
"C42029",NA
"C42031",NA
"C42033","Jul, 2019"
"C42035","May, 2019"
"C42037",NA
"C42039",NA
"C42041",NA
"C42043",NA
"C42045",NA
"C42047",NA
"C42049",NA
"C42051","Apr, 2019"
"C42053","Dec, 2017"
"C42055",NA
"C42057",NA
"C42059","May, 2019"
"C42061","Jun, 2019"
"C42063","Nov, 2018"
"C42065","Sep, 2019"
"C42067",NA
"C42069",NA
"C42071",NA
"C42073","Feb, 2019"
"C42075",NA
"C42077",NA
"C42079","Nov, 2018"
"C42081",NA
"C42083",NA
"C42085",NA
"C42087","Jan, 2019"
"C42089","Apr, 2019"
"C42091",NA
"C42093",NA
"C42095",NA
"C42097","Jul, 2019"
"C42099",NA
"C42101","Feb, 2019"
"C42103",NA
"C42105","Feb, 2019"
"C42107","Jan, 2019"
"C42109",NA
"C42111","Jul, 2019"
"C42113",NA
"C42115",NA
"C42117",NA
"C42119",NA
"C42121",NA
"C42123",NA
"C42125",NA
"C42127",NA
"C42129",NA
"C42131","Sep, 2019"
"C42133",NA
"C44001",NA
"C44003",NA
"C44005",NA
"C44007","Jun, 2019"
"C44009",NA
"C45001","Jun, 2019"
"C45003",NA
"C45005","Apr, 2019"
"C45007",NA
"C45009","Mar, 2018"
"C45011","May, 2019"
"C45013",NA
"C45015",NA
"C45017","Mar, 2019"
"C45019",NA
"C45021","Oct, 2018"
"C45023","Jan, 2018"
"C45025","Aug, 2018"
"C45027","Jun, 2019"
"C45029","Nov, 2018"
"C45031","Mar, 2019"
"C45033","Jan, 2019"
"C45035",NA
"C45037",NA
"C45039","Apr, 2018"
"C45041","Apr, 2019"
"C45043","Sep, 2018"
"C45045",NA
"C45047","Feb, 2019"
"C45049","Dec, 2018"
"C45051",NA
"C45053",NA
"C45055",NA
"C45057","Sep, 2019"
"C45059",NA
"C45061","Jun, 2019"
"C45063",NA
"C45065","Aug, 2018"
"C45067","May, 2019"
"C45069","Aug, 2018"
"C45071",NA
"C45073",NA
"C45075","Jul, 2019"
"C45077",NA
"C45079",NA
"C45081",NA
"C45083",NA
"C45085","Jun, 2019"
"C45087","Jun, 2019"
"C45089","Jun, 2019"
"C45091",NA
"C46003",NA
"C46005",NA
"C46007",NA
"C46009",NA
"C46011",NA
"C46013",NA
"C46015",NA
"C46017","Aug, 2019"
"C46019",NA
"C46021",NA
"C46023",NA
"C46025",NA
"C46027",NA
"C46029",NA
"C46031","Sep, 2018"
"C46033",NA
"C46035",NA
"C46037",NA
"C46039",NA
"C46041","Dec, 2017"
"C46043",NA
"C46045",NA
"C46047",NA
"C46049",NA
"C46051",NA
"C46053",NA
"C46055",NA
"C46057",NA
"C46059",NA
"C46061",NA
"C46063",NA
"C46065",NA
"C46067",NA
"C46069",NA
"C46071",NA
"C46073",NA
"C46075",NA
"C46077",NA
"C46079",NA
"C46081",NA
"C46083",NA
"C46085",NA
"C46087",NA
"C46089",NA
"C46091",NA
"C46093",NA
"C46095",NA
"C46097",NA
"C46099",NA
"C46101",NA
"C46103",NA
"C46105",NA
"C46107",NA
"C46109",NA
"C46111",NA
"C46113","Oct, 2018"
"C46115",NA
"C46117",NA
"C46119",NA
"C46121","Dec, 2018"
"C46123",NA
"C46125",NA
"C46127",NA
"C46129",NA
"C46135",NA
"C46137",NA
"C47001",NA
"C47003",NA
"C47005","Dec, 2018"
"C47007","Jul, 2019"
"C47009",NA
"C47011",NA
"C47013","Nov, 2018"
"C47015",NA
"C47017","May, 2019"
"C47019",NA
"C47021",NA
"C47023",NA
"C47025",NA
"C47027","Feb, 2019"
"C47029","Jun, 2018"
"C47031",NA
"C47033","Apr, 2019"
"C47035","Nov, 2018"
"C47037",NA
"C47039","Jul, 2019"
"C47041",NA
"C47043",NA
"C47045","Sep, 2019"
"C47047",NA
"C47049","Nov, 2018"
"C47051",NA
"C47053","Feb, 2019"
"C47055",NA
"C47057","Jul, 2019"
"C47059","Oct, 2019"
"C47061","Feb, 2019"
"C47063",NA
"C47065",NA
"C47067","Aug, 2018"
"C47069","May, 2019"
"C47071","Aug, 2018"
"C47073",NA
"C47075","Oct, 2018"
"C47077","Jul, 2019"
"C47079","Aug, 2019"
"C47081",NA
"C47083","Feb, 2018"
"C47085","Apr, 2019"
"C47087","Dec, 2018"
"C47089","Mar, 2019"
"C47091","Mar, 2019"
"C47093",NA
"C47095","Sep, 2019"
"C47097","Aug, 2018"
"C47099","Sep, 2019"
"C47101","Jun, 2018"
"C47103",NA
"C47105",NA
"C47107","Aug, 2018"
"C47109","Mar, 2019"
"C47111",NA
"C47113",NA
"C47115","Dec, 2018"
"C47117",NA
"C47119",NA
"C47121","Oct, 2018"
"C47123","May, 2018"
"C47125",NA
"C47127",NA
"C47129","Aug, 2018"
"C47131","Oct, 2019"
"C47133","Sep, 2018"
"C47135","Aug, 2019"
"C47137","Mar, 2019"
"C47139","Dec, 2018"
"C47141",NA
"C47143","Jun, 2018"
"C47145",NA
"C47147",NA
"C47149",NA
"C47151","Apr, 2018"
"C47153",NA
"C47155",NA
"C47157",NA
"C47159",NA
"C47161","Apr, 2018"
"C47163",NA
"C47165",NA
"C47167",NA
"C47169","Feb, 2019"
"C47171","Sep, 2018"
"C47173",NA
"C47175","Jan, 2019"
"C47177","Oct, 2018"
"C47179",NA
"C47181","Jan, 2018"
"C47183",NA
"C47185","Feb, 2019"
"C47187",NA
"C47189",NA
"C48001",NA
"C48003",NA
"C48005",NA
"C48007",NA
"C48009",NA
"C48011",NA
"C48013",NA
"C48015",NA
"C48017",NA
"C48019",NA
"C48021",NA
"C48023",NA
"C48025","May, 2019"
"C48027",NA
"C48029",NA
"C48031",NA
"C48033",NA
"C48035",NA
"C48037",NA
"C48039",NA
"C48041",NA
"C48043",NA
"C48045",NA
"C48047","May, 2018"
"C48049",NA
"C48051",NA
"C48053",NA
"C48055",NA
"C48057",NA
"C48059",NA
"C48061","Nov, 2017"
"C48063","Dec, 2018"
"C48065",NA
"C48067","Jul, 2018"
"C48069",NA
"C48071",NA
"C48073",NA
"C48075",NA
"C48077",NA
"C48079",NA
"C48081",NA
"C48083",NA
"C48085",NA
"C48087",NA
"C48089",NA
"C48091",NA
"C48093",NA
"C48095",NA
"C48097",NA
"C48099",NA
"C48101",NA
"C48103",NA
"C48105",NA
"C48107",NA
"C48109",NA
"C48111",NA
"C48113",NA
"C48115",NA
"C48117",NA
"C48119",NA
"C48121",NA
"C48123",NA
"C48125",NA
"C48127","Apr, 2018"
"C48129",NA
"C48131","Oct, 2019"
"C48133",NA
"C48135",NA
"C48137",NA
"C48139",NA
"C48141","Dec, 2018"
"C48143",NA
"C48145",NA
"C48147",NA
"C48149",NA
"C48151",NA
"C48153",NA
"C48155",NA
"C48157",NA
"C48159",NA
"C48161",NA
"C48163","Jun, 2019"
"C48165",NA
"C48167",NA
"C48169",NA
"C48171",NA
"C48173",NA
"C48175",NA
"C48177",NA
"C48179",NA
"C48181",NA
"C48183",NA
"C48185",NA
"C48187",NA
"C48189",NA
"C48191",NA
"C48193",NA
"C48195",NA
"C48197",NA
"C48199","Sep, 2019"
"C48201",NA
"C48203","Oct, 2019"
"C48205",NA
"C48207",NA
"C48209",NA
"C48211",NA
"C48213",NA
"C48215","Nov, 2017"
"C48217",NA
"C48219",NA
"C48221",NA
"C48223",NA
"C48225",NA
"C48227",NA
"C48229",NA
"C48231",NA
"C48233",NA
"C48235",NA
"C48237",NA
"C48239",NA
"C48241","Jun, 2018"
"C48243",NA
"C48245","Aug, 2018"
"C48247","Feb, 2019"
"C48249","Feb, 2019"
"C48251",NA
"C48253",NA
"C48255",NA
"C48257",NA
"C48259",NA
"C48261",NA
"C48263",NA
"C48265",NA
"C48267",NA
"C48269",NA
"C48271","Dec, 2018"
"C48273",NA
"C48275",NA
"C48277",NA
"C48279",NA
"C48281",NA
"C48283",NA
"C48285",NA
"C48287",NA
"C48289",NA
"C48291","Dec, 2018"
"C48293",NA
"C48295",NA
"C48297",NA
"C48299",NA
"C48301",NA
"C48303",NA
"C48305",NA
"C48307",NA
"C48309",NA
"C48311",NA
"C48313",NA
"C48315","Jun, 2019"
"C48317",NA
"C48319",NA
"C48321","Sep, 2019"
"C48323","Dec, 2017"
"C48325",NA
"C48327",NA
"C48329",NA
"C48331",NA
"C48333",NA
"C48335",NA
"C48337",NA
"C48339",NA
"C48341",NA
"C48343","Aug, 2019"
"C48345",NA
"C48347",NA
"C48349",NA
"C48351","Nov, 2019"
"C48353",NA
"C48355",NA
"C48357",NA
"C48359",NA
"C48361","Jan, 2019"
"C48363",NA
"C48365","May, 2019"
"C48367",NA
"C48369",NA
"C48371",NA
"C48373","Nov, 2019"
"C48375",NA
"C48377","Mar, 2018"
"C48379",NA
"C48381",NA
"C48383",NA
"C48385",NA
"C48387","Mar, 2019"
"C48389","Jun, 2018"
"C48391",NA
"C48393",NA
"C48395",NA
"C48397",NA
"C48399",NA
"C48401",NA
"C48403","Jul, 2018"
"C48405","Oct, 2019"
"C48407",NA
"C48409","Aug, 2018"
"C48411",NA
"C48413",NA
"C48415",NA
"C48417",NA
"C48419",NA
"C48421",NA
"C48423",NA
"C48425","Mar, 2019"
"C48427","Jun, 2019"
"C48429",NA
"C48431",NA
"C48433",NA
"C48435",NA
"C48437",NA
"C48439",NA
"C48441",NA
"C48443",NA
"C48445",NA
"C48447",NA
"C48449",NA
"C48451",NA
"C48453",NA
"C48455",NA
"C48457","Jun, 2018"
"C48459",NA
"C48461",NA
"C48463","Jul, 2018"
"C48465","Jul, 2019"
"C48467",NA
"C48469",NA
"C48471",NA
"C48473",NA
"C48475",NA
"C48477",NA
"C48479","Dec, 2018"
"C48481",NA
"C48483",NA
"C48485",NA
"C48487",NA
"C48489","Dec, 2018"
"C48491",NA
"C48493",NA
"C48495",NA
"C48497",NA
"C48499",NA
"C48501",NA
"C48503",NA
"C48505","Mar, 2018"
"C48507","May, 2018"
"C49001",NA
"C49003",NA
"C49005",NA
"C49007",NA
"C49009",NA
"C49011",NA
"C49013",NA
"C49015",NA
"C49017","Feb, 2019"
"C49019","Dec, 2018"
"C49021",NA
"C49023",NA
"C49025",NA
"C49027",NA
"C49029",NA
"C49031",NA
"C49033",NA
"C49035",NA
"C49037","Nov, 2018"
"C49039",NA
"C49041",NA
"C49043",NA
"C49045",NA
"C49047",NA
"C49049",NA
"C49051",NA
"C49053",NA
"C49055","Oct, 2019"
"C49057",NA
"C50001",NA
"C50003",NA
"C50005",NA
"C50007",NA
"C50009",NA
"C50011",NA
"C50013",NA
"C50015",NA
"C50017",NA
"C50019",NA
"C50021",NA
"C50023",NA
"C50025",NA
"C50027",NA
"C51001",NA
"C51003",NA
"C51005",NA
"C51007",NA
"C51009",NA
"C51011",NA
"C51013",NA
"C51015",NA
"C51017",NA
"C51019",NA
"C51021",NA
"C51023",NA
"C51025","Apr, 2019"
"C51027","Sep, 2018"
"C51029",NA
"C51031",NA
"C51033",NA
"C51035",NA
"C51036",NA
"C51037",NA
"C51041",NA
"C51043",NA
"C51045",NA
"C51047",NA
"C51049",NA
"C51051","Nov, 2019"
"C51053",NA
"C51057",NA
"C51059",NA
"C51061",NA
"C51063",NA
"C51065",NA
"C51067",NA
"C51069",NA
"C51071",NA
"C51073",NA
"C51075",NA
"C51077",NA
"C51079",NA
"C51081",NA
"C51083","Nov, 2018"
"C51085",NA
"C51087",NA
"C51089","Apr, 2019"
"C51091",NA
"C51093",NA
"C51095",NA
"C51097",NA
"C51099",NA
"C51101",NA
"C51103","Jan, 2019"
"C51105","Jun, 2019"
"C51107",NA
"C51109",NA
"C51111","Nov, 2018"
"C51113",NA
"C51115",NA
"C51117","Aug, 2019"
"C51119",NA
"C51121",NA
"C51125",NA
"C51127",NA
"C51131",NA
"C51133","Mar, 2019"
"C51135",NA
"C51137",NA
"C51139","Nov, 2019"
"C51141",NA
"C51143",NA
"C51145",NA
"C51147",NA
"C51149",NA
"C51153",NA
"C51155","Jun, 2019"
"C51157",NA
"C51159",NA
"C51161",NA
"C51163",NA
"C51165",NA
"C51167","Oct, 2019"
"C51169",NA
"C51171",NA
"C51173","Jul, 2018"
"C51175",NA
"C51177",NA
"C51179",NA
"C51181",NA
"C51183","Sep, 2019"
"C51185","Aug, 2019"
"C51187",NA
"C51191",NA
"C51193",NA
"C51195","Dec, 2018"
"C51197",NA
"C51199",NA
"C51510",NA
"C51520",NA
"C51530",NA
"C51540",NA
"C51550",NA
"C51570",NA
"C51580","Nov, 2019"
"C51590","Nov, 2019"
"C51595","Jul, 2019"
"C51600",NA
"C51610",NA
"C51620",NA
"C51630",NA
"C51640",NA
"C51650",NA
"C51660",NA
"C51670","Nov, 2018"
"C51678",NA
"C51680",NA
"C51683",NA
"C51685",NA
"C51690","Dec, 2017"
"C51700",NA
"C51710",NA
"C51720","Apr, 2019"
"C51730","Jun, 2018"
"C51735",NA
"C51740",NA
"C51750",NA
"C51760",NA
"C51770",NA
"C51775",NA
"C51790",NA
"C51800",NA
"C51810",NA
"C51820",NA
"C51830","Sep, 2019"
"C51840",NA
"C53001","Oct, 2019"
"C53003",NA
"C53005",NA
"C53007","Jul, 2018"
"C53009","May, 2018"
"C53011","Nov, 2019"
"C53013","Oct, 2018"
"C53015","Jul, 2018"
"C53017","Dec, 2018"
"C53019","Sep, 2017"
"C53021","Jun, 2019"
"C53023",NA
"C53025","Apr, 2018"
"C53027","Aug, 2018"
"C53029",NA
"C53031","Nov, 2019"
"C53033",NA
"C53035",NA
"C53037","Nov, 2018"
"C53039","May, 2019"
"C53041","Jul, 2019"
"C53043",NA
"C53045","Jul, 2018"
"C53047","Sep, 2019"
"C53049","Apr, 2018"
"C53051","Jul, 2018"
"C53053",NA
"C53055",NA
"C53057","May, 2019"
"C53059","Jan, 2018"
"C53061",NA
"C53063",NA
"C53065","Sep, 2019"
"C53067",NA
"C53069","Jul, 2019"
"C53071",NA
"C53073",NA
"C53075",NA
"C53077","Jan, 2019"
"C54001","Apr, 2018"
"C54003",NA
"C54005","Jun, 2019"
"C54007","Oct, 2018"
"C54009","May, 2019"
"C54011",NA
"C54013","Mar, 2019"
"C54015","Sep, 2019"
"C54017",NA
"C54019","Jul, 2019"
"C54021","May, 2019"
"C54023","Nov, 2018"
"C54025","Oct, 2019"
"C54027",NA
"C54029","Sep, 2018"
"C54031",NA
"C54033",NA
"C54035","May, 2019"
"C54037",NA
"C54039",NA
"C54041","Aug, 2018"
"C54043","Nov, 2017"
"C54045","Jan, 2019"
"C54047","May, 2018"
"C54049","Oct, 2018"
"C54051","Apr, 2019"
"C54053","Mar, 2018"
"C54055",NA
"C54057",NA
"C54059","Aug, 2019"
"C54061",NA
"C54063",NA
"C54065",NA
"C54067","Apr, 2018"
"C54069",NA
"C54071",NA
"C54073","May, 2018"
"C54075","Nov, 2019"
"C54077","May, 2019"
"C54079",NA
"C54081","Sep, 2019"
"C54083","May, 2018"
"C54085","Sep, 2019"
"C54087","Oct, 2018"
"C54089","Aug, 2018"
"C54091","Dec, 2018"
"C54093","Aug, 2018"
"C54095","Aug, 2019"
"C54097","Apr, 2019"
"C54099","Sep, 2019"
"C54101","Jan, 2018"
"C54103","Jan, 2019"
"C54105","Jun, 2018"
"C54107",NA
"C54109","Jan, 2018"
"C55001",NA
"C55003","Jun, 2019"
"C55005",NA
"C55007","Sep, 2018"
"C55009",NA
"C55011",NA
"C55013",NA
"C55015",NA
"C55017",NA
"C55019",NA
"C55021",NA
"C55023",NA
"C55025",NA
"C55027",NA
"C55029",NA
"C55031",NA
"C55033",NA
"C55035",NA
"C55037","Apr, 2019"
"C55039",NA
"C55041","Oct, 2018"
"C55043",NA
"C55045",NA
"C55047",NA
"C55049",NA
"C55051","Jun, 2019"
"C55053",NA
"C55055",NA
"C55057",NA
"C55059",NA
"C55061",NA
"C55063",NA
"C55065",NA
"C55067",NA
"C55069",NA
"C55071",NA
"C55073",NA
"C55075",NA
"C55077",NA
"C55078","Mar, 2018"
"C55079",NA
"C55081",NA
"C55083",NA
"C55085",NA
"C55087",NA
"C55089",NA
"C55091",NA
"C55093",NA
"C55095",NA
"C55097",NA
"C55099",NA
"C55101",NA
"C55103",NA
"C55105",NA
"C55107","Jun, 2019"
"C55109",NA
"C55111",NA
"C55113","Jan, 2019"
"C55115",NA
"C55117",NA
"C55119",NA
"C55121",NA
"C55123",NA
"C55125",NA
"C55127",NA
"C55129",NA
"C55131",NA
"C55133",NA
"C55135",NA
"C55137",NA
"C55139",NA
"C55141",NA
"C56001",NA
"C56003",NA
"C56005",NA
"C56007",NA
"C56009",NA
"C56011",NA
"C56013",NA
"C56015",NA
"C56017",NA
"C56019",NA
"C56021",NA
"C56023",NA
"C56025",NA
"C56027",NA
"C56029",NA
"C56031",NA
"C56033",NA
"C56035",NA
"C56037",NA
"C56039",NA
"C56041",NA
"C56043",NA
"C56045",NA
